{
    "foreground_intensity_properties_per_channel": {
        "0": {
            "max": 1.8231292963027954,
            "mean": 0.7574171423912048,
            "median": 0.7715796232223511,
            "min": -0.03358686342835426,
            "percentile_00_5": 0.2785331904888153,
            "percentile_99_5": 1.1713411808013916,
            "std": 0.16957488656044006
        }
    },
    "median_relative_size_after_cropping": 0.49583689371744794,
    "shapes_after_crop": [
        [
            152,
            192,
            136
        ],
        [
            171,
            192,
            137
        ],
        [
            109,
            108,
            85
        ],
        [
            138,
            173,
            147
        ],
        [
            136,
            177,
            126
        ]
    ],
    "spacings": [
        [
            1.0,
            1.0,
            1.0
        ],
        [
            1.0,
            1.0,
            1.0
        ],
        [
            1.0,
            1.0,
            1.0
        ],
        [
            1.0,
            1.0,
            1.0
        ],
        [
            1.0,
            1.0,
            1.0
        ]
    ]
}