{
    "foreground_intensity_properties_per_channel": {
        "0": {
            "max": 1.8231292963027954,
            "mean": 0.7465938925743103,
            "median": 0.7668729424476624,
            "min": -0.03358686342835426,
            "percentile_00_5": 0.2792913019657135,
            "percentile_99_5": 1.1450225114822388,
            "std": 0.15943634510040283
        }
    },
    "median_relative_size_after_cropping": 0.41770030834056715,
    "shapes_after_crop": [
        [
            152,
            192,
            136
        ],
        [
            171,
            192,
            137
        ],
        [
            173,
            180,
            192
        ],
        [
            140,
            155,
            105
        ],
        [
            83,
            106,
            72
        ],
        [
            109,
            108,
            85
        ],
        [
            125,
            127,
            101
        ],
        [
            138,
            173,
            147
        ],
        [
            136,
            175,
            121
        ],
        [
            136,
            177,
            126
        ]
    ],
    "spacings": [
        [
            1.0,
            1.0,
            1.0
        ],
        [
            1.0,
            1.0,
            1.0
        ],
        [
            1.0,
            1.0,
            1.0
        ],
        [
            1.0,
            1.0,
            1.0
        ],
        [
            1.0,
            1.0,
            1.0
        ],
        [
            1.0,
            1.0,
            1.0
        ],
        [
            1.0,
            1.0,
            1.0
        ],
        [
            1.0,
            1.0,
            1.0
        ],
        [
            1.0,
            1.0,
            1.0
        ],
        [
            1.0,
            1.0,
            1.0
        ]
    ]
}