{
    "foreground_intensity_properties_per_channel": {
        "0": {
            "max": 1.8231292963027954,
            "mean": 0.7315230369567871,
            "median": 0.7581771612167358,
            "min": -0.03358686342835426,
            "percentile_00_5": 0.23230689764022827,
            "percentile_99_5": 1.113864541053772,
            "std": 0.16795307397842407
        }
    },
    "median_relative_size_after_cropping": 0.31125103985821756,
    "shapes_after_crop": [
        [
            152,
            192,
            136
        ],
        [
            192,
            150,
            171
        ],
        [
            125,
            148,
            115
        ],
        [
            171,
            192,
            137
        ],
        [
            84,
            88,
            82
        ],
        [
            75,
            80,
            76
        ],
        [
            173,
            180,
            192
        ],
        [
            130,
            182,
            131
        ],
        [
            140,
            155,
            105
        ],
        [
            83,
            106,
            72
        ],
        [
            109,
            108,
            85
        ],
        [
            93,
            105,
            83
        ],
        [
            90,
            102,
            74
        ],
        [
            125,
            127,
            101
        ],
        [
            106,
            115,
            91
        ],
        [
            138,
            173,
            147
        ],
        [
            80,
            73,
            60
        ],
        [
            166,
            178,
            145
        ],
        [
            136,
            175,
            121
        ],
        [
            136,
            177,
            126
        ]
    ],
    "spacings": [
        [
            1.0,
            1.0,
            1.0
        ],
        [
            1.0,
            1.0,
            1.0
        ],
        [
            1.0,
            1.0,
            1.0
        ],
        [
            1.0,
            1.0,
            1.0
        ],
        [
            1.0,
            1.0,
            1.0
        ],
        [
            1.0,
            1.0,
            1.0
        ],
        [
            1.0,
            1.0,
            1.0
        ],
        [
            1.0,
            1.0,
            1.0
        ],
        [
            1.0,
            1.0,
            1.0
        ],
        [
            1.0,
            1.0,
            1.0
        ],
        [
            1.0,
            1.0,
            1.0
        ],
        [
            1.0,
            1.0,
            1.0
        ],
        [
            1.0,
            1.0,
            1.0
        ],
        [
            1.0,
            1.0,
            1.0
        ],
        [
            1.0,
            1.0,
            1.0
        ],
        [
            1.0,
            1.0,
            1.0
        ],
        [
            1.0,
            1.0,
            1.0
        ],
        [
            1.0,
            1.0,
            1.0
        ],
        [
            1.0,
            1.0,
            1.0
        ],
        [
            1.0,
            1.0,
            1.0
        ]
    ]
}