{
    "foreground_intensity_properties_per_channel": {
        "0": {
            "max": 2.1471028327941895,
            "mean": 0.7478578686714172,
            "median": 0.76784348487854,
            "min": -0.03358686342835426,
            "percentile_00_5": 0.267887145280838,
            "percentile_99_5": 1.156907558441162,
            "std": 0.16482941806316376
        }
    },
    "median_relative_size_after_cropping": 0.2942016036422164,
    "shapes_after_crop": [
        [
            125,
            183,
            112
        ],
        [
            120,
            171,
            106
        ],
        [
            152,
            191,
            136
        ],
        [
            163,
            192,
            131
        ],
        [
            152,
            192,
            136
        ],
        [
            141,
            165,
            115
        ],
        [
            192,
            150,
            171
        ],
        [
            125,
            148,
            115
        ],
        [
            171,
            192,
            137
        ],
        [
            152,
            186,
            143
        ],
        [
            155,
            192,
            104
        ],
        [
            100,
            94,
            88
        ],
        [
            127,
            181,
            122
        ],
        [
            84,
            88,
            82
        ],
        [
            187,
            190,
            146
        ],
        [
            75,
            80,
            76
        ],
        [
            123,
            191,
            96
        ],
        [
            173,
            180,
            192
        ],
        [
            90,
            98,
            78
        ],
        [
            135,
            170,
            129
        ],
        [
            170,
            189,
            160
        ],
        [
            133,
            120,
            91
        ],
        [
            130,
            182,
            131
        ],
        [
            122,
            132,
            89
        ],
        [
            140,
            155,
            105
        ],
        [
            83,
            106,
            72
        ],
        [
            109,
            108,
            85
        ],
        [
            93,
            97,
            100
        ],
        [
            77,
            100,
            88
        ],
        [
            79,
            91,
            90
        ],
        [
            102,
            104,
            83
        ],
        [
            91,
            109,
            67
        ],
        [
            93,
            105,
            83
        ],
        [
            90,
            102,
            74
        ],
        [
            75,
            96,
            75
        ],
        [
            125,
            127,
            101
        ],
        [
            97,
            91,
            89
        ],
        [
            107,
            108,
            102
        ],
        [
            112,
            113,
            105
        ],
        [
            138,
            157,
            108
        ],
        [
            143,
            142,
            142
        ],
        [
            106,
            115,
            91
        ],
        [
            138,
            173,
            147
        ],
        [
            63,
            81,
            66
        ],
        [
            80,
            93,
            81
        ],
        [
            80,
            73,
            60
        ],
        [
            166,
            178,
            145
        ],
        [
            136,
            175,
            121
        ],
        [
            118,
            166,
            104
        ],
        [
            136,
            177,
            126
        ]
    ],
    "spacings": [
        [
            1.0,
            1.0,
            1.0
        ],
        [
            1.0,
            1.0,
            1.0
        ],
        [
            1.0,
            1.0,
            1.0
        ],
        [
            1.0,
            1.0,
            1.0
        ],
        [
            1.0,
            1.0,
            1.0
        ],
        [
            1.0,
            1.0,
            1.0
        ],
        [
            1.0,
            1.0,
            1.0
        ],
        [
            1.0,
            1.0,
            1.0
        ],
        [
            1.0,
            1.0,
            1.0
        ],
        [
            1.0,
            1.0,
            1.0
        ],
        [
            1.0,
            1.0,
            1.0
        ],
        [
            1.0,
            1.0,
            1.0
        ],
        [
            1.0,
            1.0,
            1.0
        ],
        [
            1.0,
            1.0,
            1.0
        ],
        [
            1.0,
            1.0,
            1.0
        ],
        [
            1.0,
            1.0,
            1.0
        ],
        [
            1.0,
            1.0,
            1.0
        ],
        [
            1.0,
            1.0,
            1.0
        ],
        [
            1.0,
            1.0,
            1.0
        ],
        [
            1.0,
            1.0,
            1.0
        ],
        [
            1.0,
            1.0,
            1.0
        ],
        [
            1.0,
            1.0,
            1.0
        ],
        [
            1.0,
            1.0,
            1.0
        ],
        [
            1.0,
            1.0,
            1.0
        ],
        [
            1.0,
            1.0,
            1.0
        ],
        [
            1.0,
            1.0,
            1.0
        ],
        [
            1.0,
            1.0,
            1.0
        ],
        [
            1.0,
            1.0,
            1.0
        ],
        [
            1.0,
            1.0,
            1.0
        ],
        [
            1.0,
            1.0,
            1.0
        ],
        [
            1.0,
            1.0,
            1.0
        ],
        [
            1.0,
            1.0,
            1.0
        ],
        [
            1.0,
            1.0,
            1.0
        ],
        [
            1.0,
            1.0,
            1.0
        ],
        [
            1.0,
            1.0,
            1.0
        ],
        [
            1.0,
            1.0,
            1.0
        ],
        [
            1.0,
            1.0,
            1.0
        ],
        [
            1.0,
            1.0,
            1.0
        ],
        [
            1.0,
            1.0,
            1.0
        ],
        [
            1.0,
            1.0,
            1.0
        ],
        [
            1.0,
            1.0,
            1.0
        ],
        [
            1.0,
            1.0,
            1.0
        ],
        [
            1.0,
            1.0,
            1.0
        ],
        [
            1.0,
            1.0,
            1.0
        ],
        [
            1.0,
            1.0,
            1.0
        ],
        [
            1.0,
            1.0,
            1.0
        ],
        [
            1.0,
            1.0,
            1.0
        ],
        [
            1.0,
            1.0,
            1.0
        ],
        [
            1.0,
            1.0,
            1.0
        ],
        [
            1.0,
            1.0,
            1.0
        ]
    ]
}